"Variable","HR","CI_lower","CI_upper","p_value","Significant"
"LMOD1",1.24040320654502,1.09419338559697,1.40615007827682,0.000760744953653753,"Yes"
"Age",1.02645825988694,1.01359047965807,1.03948939974807,4.96623297307895e-05,"Yes"
"Gender",1.18490238754069,0.872897581203179,1.60842886752463,0.276539858724182,"No"
"T stage",1.50814253986532,1.17644348508454,1.93336437269487,0.00118609746561874,"Yes"
"N stage",1.53452028810637,1.30197903740666,1.80859479834664,3.26828685058308e-07,"Yes"
